{"cameraMode":{"drawMode":0,"name":"Shaded","section":"Shading Mode"},"sceneLighting":true,"audioPlay":false,"sceneViewState":{"m_AlwaysRefresh":false,"showFog":true,"showSkybox":true,"showFlares":true,"showImageEffects":true,"showParticleSystems":true,"showVisualEffectGraphs":true,"m_FxEnabled":true},"in2DMode":false,"pivot":{"x":-0.35982704162597659,"y":1.787039041519165,"z":0.652613639831543},"rotation":{"x":0.06199992448091507,"y":0.9152178168296814,"z":-0.15465427935123444,"w":0.3669263422489166},"size":4.979188442230225,"orthographic":true}