{"cameraMode":{"drawMode":0,"name":"Shaded","section":"Shading Mode"},"sceneLighting":true,"audioPlay":false,"sceneViewState":{"m_AlwaysRefresh":false,"showFog":true,"showSkybox":true,"showFlares":true,"showImageEffects":true,"showParticleSystems":true,"showVisualEffectGraphs":true,"m_FxEnabled":true},"in2DMode":false,"pivot":{"x":42.812747955322269,"y":-0.7065582275390625,"z":-41.67109298706055},"rotation":{"x":0.14867158234119416,"y":-0.047447118908166888,"z":0.007141718175262213,"w":0.9877221584320068},"size":72.92440795898438,"orthographic":true}