{"cameraMode":{"drawMode":0,"name":"Shaded","section":"Shading Mode"},"sceneLighting":true,"audioPlay":false,"sceneViewState":{"m_AlwaysRefresh":false,"showFog":true,"showSkybox":true,"showFlares":true,"showImageEffects":true,"showParticleSystems":true,"showVisualEffectGraphs":true,"m_FxEnabled":true},"in2DMode":false,"pivot":{"x":49.75534439086914,"y":19.292198181152345,"z":10.543371200561524},"rotation":{"x":-0.028449758887290956,"y":-0.9673245549201965,"z":0.12637370824813844,"w":-0.2180480659008026},"size":3.2239468097686769,"orthographic":true}