{"cameraMode":{"drawMode":0,"name":"Shaded","section":"Shading Mode"},"sceneLighting":false,"audioPlay":false,"sceneViewState":{"m_AlwaysRefresh":false,"showFog":true,"showSkybox":false,"showFlares":true,"showImageEffects":true,"showParticleSystems":true,"showVisualEffectGraphs":true,"m_FxEnabled":true},"in2DMode":false,"pivot":{"x":51.439998626708987,"y":12.920000076293946,"z":-21.520000457763673},"rotation":{"x":-0.0013243869179859758,"y":-0.9876997470855713,"z":0.15625350177288056,"w":-0.008602206595242024},"size":0.8660253882408142,"orthographic":true}